{
    "result": {
        "page": 3,
        "perPage": 3,
        "data": [{
                "id": 1,
                "name": "LO THI TON",
                "image": "mock_data/images/lothiton.jpg",
                "info": {
                    "age": 18,
                    "desc": "Yeu mau tim, ghet gia doi, thich tien, dai gia."
                },
                "metric": {
                    "v1": 100,
                    "v2": 100,
                    "v3": 100,
                    "height": 170,
                    "weight": 48
                },
                "catse": 2000,
                "code": "BAN ANH HUNG",
                "vote": 100
            },
            {
                "id": 2,
                "name": "HA THIEN LON",
                "image": "mock_data/images/hathienlon.jpg",
                "info": {
                    "age": 17,
                    "desc": "Thich selfie."
                },
                "metric": {
                    "v1": 90,
                    "v2": 90,
                    "v3": 90,
                    "height": 170,
                    "weight": 48
                },
                "catse": 2000,
                "code": "BAN ANH DUNG",
                "vote": 200
            },
            {
                "id": 3,
                "name": "HA THIEN LON",
                "image": "mock_data/images/hathienlon.jpg",
                "info": {
                    "age": 17,
                    "desc": "Thich selfie."
                },
                "metric": {
                    "v1": 90,
                    "v2": 90,
                    "v3": 90,
                    "height": 170,
                    "weight": 48
                },
                "catse": 2000,
                "code": "BAN ANH DUNG",
                "vote": 300
            }
        ],
        "code": "200",
        "mes": "OK",
        "meta": {
            "add": "url",
            "edit": ""
        },
        "params": {
            "page": 3,
            "perPage": 3
        }
    }
}